1,9780538497817,calc 1
1,9780470936443,learning matlab
1,9781111572051,physics 1
1,9780470531082,digital design
1,9780321982384,linear algebra
1,9780132129480,data structures
1,9780124078864,comp arch
1,9780073383095,discrete
1,9780262033848,algorithms
1,9780195116632,electronics

2,9780538497817,calc 1
2,9780470936443,learning matlab
2,9781111572051,physics 1
2,9780470531082,digital design
2,9780321982384,linear algebra
2,9780132129480,data structures
2,9780124078864,comp arch
2,9780073383095,discrete
2,9780262033848,algorithms
2,9780321486813,compilers

3,9780538497817,calc 1
3,9780470936443,learning matlab
3,9781111572051,physics 1
3,9780470531082,digital design
3,9780321982384,linear algebra
3,9780132129480,data structures
3,9780124078864,comp arch
3,9780073383095,discrete
3,9780262033848,algorithms
3,9780133574845,computer Graphics

4,9780538497817,calc 1
4,9780470936443,learning matlab
4,9781111572051,physics 1
4,9780470531082,digital design
4,9780321982384,linear algebra
4,9780132129480,data structures
4,9780124078864,comp arch
4,9780073383095,discrete
4,9780262033848,algorithms
4,9780136042594,artificial intelligence

5,9780538497817,calc 1
5,9780470936443,learning matlab
5,9781111572051,physics 1
5,9780470531082,digital design
5,9780321982384,linear algebra
5,9780132129480,data structures
5,9780124078864,comp arch
5,9780073383095,discrete
5,9780262033848,algorithms
5,9781133187790,theory of computing

6,9780538497817,calc 1
6,9780538497879,calc 3
6,9780131118928,Quantum Mechanics
6,9780321856562,Intro to Electrodynamics
6,9780201380279,Thermal Physics
6,9780132129480,data structures
6,9781400839346,Astrophysics in a Nutshell
6,9781429250788,Modern Physics
6,9780133976892,Fund comp 1
6,9781133111368,prob and stats

7,9780538497817,calc 1
7,9780538497879,calc 3
7,9780131118928,Quantum Mechanics
7,9780321856562,Intro to Electrodynamics
7,9780201380279,Thermal Physics
7,9780132129480,data structures
7,9781429250788,Modern Physics
7,9780133976892,Fund comp 1
7,9780136042594,artificial intelligence
7,9781133111368,prob and stats

8,9780538497817,calc 1
8,9780538497879,calc 3
8,9780131118928,Quantum Mechanics
8,9780321856562,Intro to Electrodynamics
8,9780201380279,Thermal Physics
8,9780132129480,data structures
8,9781400839346,Astrophysics in a Nutshell
8,9781429250788,Modern Physics
8,9780133976892,Fund comp 1
8,9781133111368,prob and stats

9,9780538497817,calc 1
9,9780538497879,calc 3
9,9780131118928,Quantum Mechanics
9,9780321856562,Intro to Electrodynamics
9,9781118230640,physics 2
9,9780201380279,Thermal Physics
9,9780132129480,data structures
9,9781400839346,Astrophysics in a Nutshell
9,9781429250788,Modern Physics
9,9780133976892,Fund comp 1

10,9780538497817,calc 1
10,9780538497879,calc 3
10,9780131118928,Quantum Mechanics
10,9780321856562,Intro to Electrodynamics
10,9780201380279,Thermal Physics
10,9780132129480,data structures
10,9781400839346,Astrophysics in a Nutshell
10,9781429250788,Modern Physics
10,9780133976892,Fund comp 1
10,0470458313,diff EQ

11,9780470936443
11,9780321898111
11,9780470614730
11,9781118116135
11,9780073404776
11,9781305645431
11,9781308380704
11,9780470481813
11,9780470501979
11,9781441979186
12,9780470936443
12,9781308380704
12,9780321898111
12,9780470614730
12,9780470481813
12,9781441979186
12,9781118370438
12,9781305601437
12,9780857292322
12,9781133112716
13,9780470936443
13,9781308380704
13,9780321898111
13,9780470614730
13,9781305601437
13,9780857292322
13,9781133112716
13,9780133983623
13,9780073404776
13,9781441979186
14,9780470936443
14,9781308380704
14,9780321898111
14,9780470614730
14,9781118370438
14,9780470501979
14,9781305601437
14,9780133983623
14,9783319110790
14,9781441979186
15,9780470936443
15,9780073404776
15,9781133806998
15,9780470614730
15,9781319003289
15,9781441979186
15,9781118116135
15,9781305601437
15,9780470481813
15,9781133112716
16,9781133112716
16,9780470924518
16,9781118120149
16,9781111576004
16,9780470458310
16,9781118376805
16,9781133111368
16,9780133983623
16,9780321982384
16,9780136110583
17,9781111576004
17,9780470458310
17,9781118376805
17,9781118120149
17,9781119148050
17,9780470481813
17,9780470924518
17,9780133983623
17,9781133111368
17,9780136110583
18,9781111576004
18,9781118120149
18,9780470924518
18,9780470458310
18,9781133112716
18,9780133983623
18,9780470481813
18,9780136110583
18,9780321982384
18,9781133111368
19,9781133112716
19,9780470924518
19,9781119148050
19,9781118120149
19,9780470458310
19,9780136110583
19,9781133111368
19,9780133983623
19,9781111576004
19,9780470481813
20,9781118376805
20,9780470458310
20,9780470924518
20,9781111576004
20,9781118120149
20,9780470481813
20,9781133111368
20,9780133983623
20,9780136110583
20,9780321982384

21,9780538497879,calc 3
21,9781118230640,physics 2
21,9780133126013,intro to computing programming
21,9780133760033,intro to EE 20224
21,9780321982384,linear algebra
21,9781118061145,physics 3
21,9780195116632,electronics
21,9780074637364,electronics
21,9780072369779,semiconductors
21,0201128195,electromagnetic fields
22,0470458313,diff EQ
22,0133943283,signals and systems
22,9780072369779,semiconductors
22,9781577667834,electromagnetic fields
22,9780132151498,Photonics
22,9781111425777,electric machinery
22,9780470631553,microwave circuit design
22,9780123850591,computer networks
22,9780199339136,Microelectronic circuit design
22,9780132129480,data structures
23,0470458313,diff EQ
23,0133943283,signals and systems
23,9780072369779,semiconductors
23,9781577667834,electromagnetic fields
23,9781111425777,electric machinery
23,9780132151498,Photonics
23,9780470631553,microwave circuit design
23,9781133187790,theory of computing
23,9780199339136,Microelectronic circuit design
23,9780132129480,data structures
24,9780538497879,calc 3
24,9781118230640,physics 2
24,9780136085317,intro to computing programming
24,9780133760033,intro to EE 20224
24,9780321982384,linear algebra
24,9781118061145,physics 3
24,9780195116632,electronics
24,9780199339136,electronics
24,9781577667834,electromagnetic fields
24,9781111425777,electric machinery
25,9780470458310,diff EQ
25,0133943283,signals and systems
25,9780072369779,semiconductors
25,9781577667834,electromagnetic fields
25,9780815341055,introduction to systems biology
25,9780961672188,IC Fab
25,9781305076556,microcontrollers
25,9780132151498,Photonics
25,9780470631553,microwave circuit design
25,9780199339136,Microelectronic circuit design
26,9780538497879,calc 3
26,9781118230640,physics 2
26,9780133976892,Fund comp 1
26,9780073383095,discrete math
26,9780321982384,linear algebra
26,9780132129480,data structures
26,9781133187790,theory of computing
26,9780133760033,intro to EE 20224
26,9781111425777,electric machinery
26,9780124078864,comp arch
27,9780132129480,data structures
27,9780124078864,comp arch
27,9780133760033,intro to EE 20224
27,9780195116632,electronics
27,9780199339136,electronics
27,9780199339136,Microelectronic circuit design
27,9781133111368,prob and stats
27,9780133574845,computer Graphics
27,9780321486813,compilers
27,9780136042594,artificial intelligence
28,9780132129480,data structures
28,9780124078864,comp arch
28,9780133760033,intro to EE 20224
28,9780262033848,algorithms
28,9780321547743,circuit design
28,9780199339136,Microelectronic circuit design
28,9781133111368,prob and stats
28,9780133574845,computer Graphics
28,9780321486813,compilers
28,9780136042594,artificial intelligence
29,9780538497879,calc 3
29,9781118230640,physics 2
29,9780133976892,Fund comp 1
29,9780073383095,discrete math
29,9780321982384,linear algebra
29,9780132129480,data structures
29,9781133187790,theory of computing
29,9780133760033,intro to EE 20224
29,9781133111368,prob and stats
29,9780124078864,comp arch
30,9780132129480,data structures
30,9780124078864,comp arch
30,9780133760033,intro to EE 20224
30,9780262033848,algorithms
30,9780716710455,alogrithms
30,9781133111368,prob and stats
30,9781133187790,theory of computing
30,9780321486813,compilers
30,9780136042594,artificial intelligence
30,9780128008676,social sensing
